book_id,title,author,category_id,library_id,quantity
1,Strategy fund big.,Christopher Morris,2,4,1
2,Pretty.,Richard Phelps,3,3,11
3,Seven minute occur.,Alyssa Parks,5,3,5
4,Exist large member.,Catherine Kelley,2,2,16
5,Loss talk arm.,Michael Thomas,3,5,2
6,Open purpose campaign.,Tim Jacobs,1,4,1
7,Guy nation.,Linda Bailey,4,4,15
8,Strong you often.,Thomas Meadows,5,2,7
9,Part oil will.,Nicholas Nash,2,4,5
10,Here step.,Joseph Tran,4,1,13
11,Name how success financial.,Eric Jimenez,2,5,5
12,Child.,Cassandra Wilson,2,5,14
13,Step follow do.,Grace Thompson,2,5,4
14,South eye report.,Christy Hanson,2,3,10
15,Modern attorney perform development.,Pamela Levine,1,3,12
16,Expert point believe.,Douglas Thornton,2,5,7
17,Think.,Joshua Brown,2,4,17
18,Put support daughter.,Lori Knight,2,5,13
19,Nothing meeting yourself all.,Jodi Gilmore,5,4,7
20,Series to hear.,Joseph Rich,3,3,4
21,Environmental claim.,Ariel Hamilton,1,1,14
22,Almost popular it.,Brianna Walker,3,4,5
23,Of science.,Eric Hicks,5,4,2
24,Country own model.,Michael Harrell,4,4,6
25,View play face.,Tonya David,1,4,2
26,Low leave.,Gregory Livingston,4,5,6
27,Recent concern pressure.,Susan Hernandez,5,5,15
28,Stock three.,Janet Reilly,5,3,2
29,Television cover.,Christopher Scott,4,5,17
30,Why forget.,Denise Stevenson,2,3,5
31,Agency maintain.,Mallory Johnson,5,2,5
32,Support news that.,Kathryn Franklin,1,4,16
33,Budget old hit.,Roy George,5,5,16
34,Commercial.,Dr. Robert Evans,1,3,3
35,Produce finish.,Joseph Wiley,1,1,7
36,Activity total.,Brandon Williams,1,1,18
37,Certainly nearly goal.,Dr. Sandra Roach PhD,5,4,14
38,Maybe adult travel actually.,Eric Cook,4,2,7
39,Sing sure.,Adam Knight,1,4,12
40,That five.,Rebecca Smith,1,5,18
41,Heavy threat choice.,Scott Forbes,5,2,1
42,Life little letter.,Virginia Rose,5,4,6
43,Explain near skin.,Anthony Maldonado,2,2,16
44,Especially pretty.,Walter Porter,1,3,19
45,Be last.,Robert Hall,2,2,6
46,While stuff central.,Heidi Zimmerman,1,2,19
47,Sport century.,Joseph Allison,2,2,8
48,Rate conference special media.,Dr. Katelyn Johnston,4,1,17
49,Figure brother pretty.,Kyle Pope MD,3,4,2
50,Big avoid expert.,Stephanie Brown,2,3,19
51,Style source.,Jill Parker,4,4,9
52,Since among sell.,Rachel Collins,2,2,3
53,Author economic.,Rebecca Washington,1,4,2
54,Spring season all.,Dr. Samantha Stewart,4,5,19
55,Trade hard charge.,Raven Hill,3,4,8
56,This instead see.,Robert Hall,2,4,15
57,Receive.,John Dunn,1,2,1
58,Over week point story.,Mark Gonzalez,5,3,4
59,Black where option.,Samantha Perry,5,1,14
60,Forward sell.,Michael Mcgrath,2,3,10
61,Already identify big.,Alexis Moreno,4,4,16
62,Eye.,Christopher Hubbard,3,4,5
63,Her would.,Janice White,5,3,7
64,Song which.,Jamie Medina,4,1,2
65,Respond section remain.,Scott Adkins,2,3,20
66,Practice continue one.,Debra Briggs,4,1,18
67,Mind half blue.,Debra Lee,4,2,7
68,Those church point.,Lisa Hardin,1,3,13
69,Final policy top.,Karen Simon,3,2,20
70,Less possible.,Katrina Zimmerman,2,2,18
71,Author team development.,Joy Sanchez,3,2,8
72,Home successful.,Kurt Porter,1,4,9
73,Risk final.,Marco Whitehead,3,3,17
74,Consider.,Heather Cooper,2,3,20
75,Myself small.,Sherri Best,1,1,10
76,Ten specific piece.,Dawn Stewart,2,2,6
77,Star employee provide identify.,Danny Moon MD,3,5,4
78,Responsibility would.,Lindsey Harris,1,3,16
79,Your stay design.,Tom Duncan,3,3,5
80,Minute key.,Carol Fields,4,3,16
81,Three relate defense.,David Smith,4,1,12
82,Control its born.,Cathy Bond,4,3,14
83,News fly would.,Kyle Alexander,2,3,12
84,Health whole.,Steven Juarez,3,5,11
85,Participant their among over.,Nicole Brown,4,3,19
86,Song him loss.,Randall Wong,3,2,15
87,Bill discussion crime.,Craig Padilla,5,4,13
88,Drug garden purpose.,Sandra Chase,4,1,5
89,Mother smile.,Michael Dickson,3,2,17
90,This national detail.,Richard Garza,2,1,12
91,Involve still eat.,Carly Hines,4,1,20
92,Season growth bar.,Lori Brown,5,3,5
93,Month miss.,Benjamin Bullock,3,3,20
94,Value about.,Craig Smith,5,4,20
95,Direction development language.,Jeffrey Hoffman,2,2,14
96,Heavy fast.,Linda Navarro,5,3,3
97,Event myself.,Pamela Velazquez,4,3,3
98,Voice deep nature.,Nathan Hawkins,5,1,20
99,Participant pay make.,Debra Stuart,4,5,8
100,According newspaper.,Omar Peterson,1,3,19
